{"stat.pickup.minecraft.bone":1,"stat.leaveGame":4,"stat.useItem.supertools.hammerdiamond":9,"stat.useItem.minecraft.diamond_sword":6,"stat.swimOneCm":3814,"stat.climbOneCm":624,"stat.pickup.minecraft.glowstone_dust":7,"stat.enderchestOpened":1,"stat.useItem.minecraft.dirt":6,"stat.useItem.minecraft.stone_slab2":4,"stat.mineBlock.minecraft.stone_brick_stairs":2,"stat.mineBlock.vanillatech.red_stone":30,"stat.pickup.minecraft.anvil":1,"stat.mineBlock.minecraft.obsidian":3,"stat.pickup.minecraft.cobblestone":421,"stat.pickup.minecraft.gold_block":2,"stat.pickup.quark.biome_cobblestone":157,"stat.flyOneCm":517713,"stat.pickup.minecraft.brown_mushroom":1,"stat.useItem.minecraft.cooked_beef":3,"stat.mineBlock.minecraft.iron_ore":25,"stat.timeSinceDeath":31562,"stat.pickup.minecraft.mutton":1,"stat.useItem.vanillatools.tool.bow_diamond":2,"stat.drop.oe.palm_sapling":1,"stat.useItem.vanillatech.red_cobblestone":22,"stat.pickup.minecraft.stonebrick":2,"stat.mineBlock.minecraft.coal_ore":16,"stat.sprintOneCm":54599,"stat.mineBlock.minecraft.stone_slab":9,"stat.useItem.minecraft.wheat_seeds":1,"stat.waystones:waystonesActivated":2,"stat.deaths":2,"stat.drop":2,"stat.playOneMinute":119042,"stat.killEntity.Sheep":1,"stat.pickup.minecraft.iron_bars":1,"stat.mineBlock.minecraft.gold_ore":10,"stat.pickup.minecraft.netherrack":1,"stat.diveOneCm":8537,"stat.pickup.minecraft.wheat":10,"stat.chestOpened":15,"stat.mineBlock.minecraft.netherrack":2,"stat.mineBlock.minecraft.anvil":1,"stat.useItem.quark.biome_cobblestone":8,"stat.pickup.minecraft.obsidian":3,"stat.mineBlock.vanillatech.glowstone_ore":4,"stat.pickup.minecraft.stone_brick_stairs":2,"stat.mineBlock.minecraft.gold_block":2,"stat.jump":392,"stat.pickup.minecraft.coal":14,"stat.fallOneCm":6125,"stat.crouchOneCm":333,"stat.pickup.minecraft.dirt":34,"stat.pickup.minecraft.iron_ore":23,"stat.boatOneCm":24113,"stat.pickup.minecraft.gold_ore":8,"stat.mineBlock.minecraft.iron_bars":1,"stat.mineBlock.minecraft.lapis_ore":7,"stat.damageTaken":470,"stat.pickup.minecraft.feather":1,"stat.mineBlock.minecraft.torch":2,"stat.pickup.minecraft.dye":45,"stat.useItem.vanillatools.tool.hammer_diamond":108,"stat.pickup.minecraft.wheat_seeds":13,"stat.useItem.vanillatools.tool.excavator_diamond":4,"stat.entityKilledBy.Zombie":1,"stat.damageDealt":285,"stat.sleepInBed":1,"stat.mineBlock.minecraft.dirt":36,"stat.useItem.supertools.shoveldiamond":1,"stat.mineBlock.quark.biome_cobblestone":225,"stat.pickup.minecraft.boat":2,"stat.walkOneCm":157558,"stat.useItem.minecraft.torch":8,"stat.useItem.minecraft.cobblestone":1,"stat.mineBlock.vanillatech.red_cobblestone":3,"stat.pickup.minecraft.chicken":1,"stat.mineBlock.minecraft.packed_ice":9,"stat.pickup.minecraft.sapling":1,"stat.drop.vanillasatchels.satchel":1,"stat.mineBlock.minecraft.stonebrick":3,"stat.killEntity.Chicken":1,"stat.pickup.vanillatech.red_cobblestone":33,"stat.killEntity.Spider":1,"stat.mobKills":3,"stat.useItem.minecraft.boat":2,"stat.mineBlock.minecraft.leaves":1,"stat.pickup.minecraft.torch":1,"stat.mineBlock.minecraft.redstone_ore":1,"stat.sneakTime":709,"stat.pickup.minecraft.wool":1,"stat.pickup.minecraft.stone_slab":9,"stat.mineBlock.minecraft.stone":479}